# Pathway	cat_cutrefo1-MmMm-USA-23-ATP-1873_S352_L005_Abundance	cat_cutrefo10-SbMm-USA-23-ATP-1873_S361_L005_Abundance	cat_cutrefo11-SbMm-USA-23-ATP-1873_S362_L005_Abundance	cat_cutrefo12-SbMm-USA-23-ATP-1873_S363_L005_Abundance	cat_cutrefo13-SbMm-USA-23-ATP-1873_S364_L005_Abundance	cat_cutrefo14-SbMm-USA-23-ATP-1873_S365_L005_Abundance	cat_cutrefo15-SbMm-USA-23-ATP-1873_S366_L005_Abundance	cat_cutrefo16-SbMm-USA-23-ATP-1873_S367_L005_Abundance	cat_cutrefo17-SbMm-USA-23-ATP-1873_S368_L005_Abundance	cat_cutrefo18-SbMm-USA-23-ATP-1873_S369_L005_Abundance	cat_cutrefo19-HsMm-USA-23-ATP-1873_S370_L005_Abundance	cat_cutrefo2-MmMm-USA-23-ATP-1873_S353_L005_Abundance	cat_cutrefo20-HsMm-USA-23-ATP-1873_S371_L005_Abundance	cat_cutrefo21-HsMm-USA-23-ATP-1873_S372_L005_Abundance	cat_cutrefo22-HsMm-USA-23-ATP-1873_S373_L005_Abundance	cat_cutrefo23-HsMm-USA-23-ATP-1873_S374_L005_Abundance	cat_cutrefo24-HsMm-USA-23-ATP-1873_S375_L005_Abundance	cat_cutrefo25-HsMm-USA-23-ATP-1873_S376_L005_Abundance	cat_cutrefo26-HsMm-USA-23-ATP-1873_S377_L005_Abundance	cat_cutrefo3-MmMm-USA-23-ATP-1873_S354_L005_Abundance	cat_cutrefo4-MmMm-USA-23-ATP-1873_S355_L005_Abundance	cat_cutrefo5-MmMm-USA-23-ATP-1873_S356_L005_Abundance	cat_cutrefo6-MmMm-USA-23-ATP-1873_S357_L005_Abundance	cat_cutrefo7-MmMm-USA-23-ATP-1873_S358_L005_Abundance	cat_cutrefo8-MmMm-USA-23-ATP-1873_S359_L005_Abundance	cat_cutrefo9-SbMm-USA-23-ATP-1873_S360_L005_Abundance
UNMAPPED	294747	381300	474574	604453	536824	511257	538245	634178	642458	564486	197197	281982	189809	212084	213582	211817	211877	219251	208374	312694	406862	404007	332866	244538	247918	545781
UNINTEGRATED	656278	575956	486516	371084	431530	459106	429038	337531	336293	407101	763551	668378	773063	747904	748234	748366	747120	738463	749199	643166	556883	562246	627623	704896	702369	423181
1CMET2-PWY: folate transformations III (E. coli)	588.77	670.074	397.174	259.555	328.36	356.728	347.461	249.394	279.527	338.519	369.216	579.581	323.461	363.033	381.908	383.372	394.568	399.582	407.331	529.465	461.703	397.647	480.687	568.565	549.101	411.448
ANAEROFRUCAT-PWY: homolactic fermentation	230.504	55.239	111.862	94.8056	117.422	88.1977	154.285	185.599	19.0962	80.7183	119.855	306.535	161.832	183.451	181.001	184.776	220.632	173.977	234.402	0	0	217.764	137.519	304.773	357.339	79.0484
ANAGLYCOLYSIS-PWY: glycolysis III (from glucose)	356.32	247.87	282.127	340.533	376.881	332.255	390.625	414.014	309.193	353.846	368.58	383.557	371.215	399.857	344.013	396.185	424.502	364.538	425.71	225.61	202.325	228.641	165.947	337.373	428.157	188.848
ARG+POLYAMINE-SYN: superpathway of arginine and polyamine biosynthesis	0	21.1728	42.5567	0	0	0	11.5956	8.83269	0	0	11.719	18.395	0	16.8301	9.59733	11.0638	8.97254	0	0	0	0	0	0	0	0	21.6852
ARGININE-SYN4-PWY: L-ornithine biosynthesis II	511.662	610.309	376.803	256.644	295.272	320.85	275.983	218.8	244.299	327.935	320.879	483.034	262.53	271.01	329.884	322.521	215.528	232.994	328.65	496.223	311.2	309.004	455.754	508.428	433.314	388.055
ARGSYN-PWY: L-arginine biosynthesis I (via L-ornithine)	180.81	243.049	292.432	172.454	337.952	318.024	368.19	363.268	185.124	298.672	130.678	269.654	139.176	147.995	125.293	110.18	188.376	245.113	151.556	0	0	161.261	0	252.687	281.759	230.946
ARGSYNBSUB-PWY: L-arginine biosynthesis II (acetyl cycle)	138.788	295.442	319.783	143.297	320.159	296.202	349.186	340.995	163.034	265.919	148.889	233.568	127.037	197.548	100.553	109.415	174.756	211.657	125.842	0	69.3687	154.04	125.798	224.083	254.558	207.372
ARO-PWY: chorismate biosynthesis I	605.543	400.114	446.069	302.127	377.101	396.643	454.133	358.809	290.183	394.676	379.24	582.944	358.878	369.078	404.893	369.981	378.065	399.762	368.322	521.021	419.884	340.045	557.459	580.721	580.036	420.944
ASPASN-PWY: superpathway of L-aspartate and L-asparagine biosynthesis	596.212	166.63	158.438	77.0699	103.097	160.503	175.018	138.345	68.0308	115.101	287.675	534.7	257.82	241.912	273.075	176.609	246.945	246.497	210.906	582.221	564.159	320.714	454.964	419.215	442.681	84.7542
BIOTIN-BIOSYNTHESIS-PWY: biotin biosynthesis I	0	4.94692	7.46527	0	0	0	0	0	0	0	262.766	0	223.215	243.634	254.074	202.481	211.16	205.499	225.91	0	0	0	0	0	0	8.37089
BRANCHED-CHAIN-AA-SYN-PWY: superpathway of branched chain amino acid biosynthesis	628.395	414.796	457.083	255.776	372.794	447.777	424.731	429.282	242.989	343.828	242.084	630.776	206.623	287.562	289.766	382.443	278.717	393.823	384.256	593.844	547.403	501.929	542.266	622.846	576.63	253.143
CALVIN-PWY: Calvin-Benson-Bassham cycle	13.5339	162.229	239.624	204.512	200.44	190.222	253.556	237.03	206.487	194.117	277.867	155.779	294.815	324.151	245.879	263.219	413.874	277.196	298.622	0	0	104.345	0	127.618	116.313	204.965
CENTFERM-PWY: pyruvate fermentation to butanoate	15.1211	19.1995	41.2245	0	12.3308	0	18.3382	13.229	0	43.4989	0	0	0	3.27773	0	0	0	2.97956	0	0	0	0	0	7.16143	9.21562	0
CITRULBIO-PWY: L-citrulline biosynthesis	55.1204	15.3793	20.6623	30.4323	19.018	12.237	36.6968	0	0	0	172.794	84.1797	157.28	175.698	132.693	97.2927	154.777	177.793	142.303	33.4156	0	83.2144	0	65.3025	95.3596	15.2038
COA-PWY-1: superpathway of coenzyme A biosynthesis III (mammals)	530.607	630.792	486.731	309.702	342.973	409.975	416.63	327.288	249.926	378.327	359.053	537.742	325.447	350.328	375.608	376.267	355.248	385.524	399.396	520.974	400.838	183.33	471.877	507.1	505.645	412.409
COA-PWY: coenzyme A biosynthesis I (prokaryotic)	524.97	620.721	456.467	285.966	327.068	421.655	450.857	329.817	262.092	370.95	360.892	527.332	330.02	378.998	368.952	372.993	350.739	388.747	388.919	522.464	468.985	272.009	447.669	478.604	479.67	403.416
COBALSYN-PWY: superpathway of adenosylcobalamin salvage from cobinamide I	314.559	4.93906	17.6003	17.2904	14.8111	0	11.552	14.8438	0	0	126.435	268.685	139.297	158.723	147.171	118.9	125.496	130.539	140.38	362.502	241.295	169.254	240.875	196.217	221.321	20.2534
COLANSYN-PWY: colanic acid building blocks biosynthesis	93.1678	12.0848	43.5239	11.3613	32.0475	0	21.5742	32.4592	0	22.0709	73.9117	52.6748	90.5142	48.2099	26.0378	77.0241	123.624	115.012	109.842	37.1545	90.1963	0	0	61.7356	47.5064	24.3266
COMPLETE-ARO-PWY: superpathway of aromatic amino acid biosynthesis	397.626	340.72	378.156	75.7295	190.865	65.4498	156.863	71.102	32.878	78.6833	390.456	460.681	380.728	393.874	422.786	341.739	401.45	428.142	384.356	347.844	187.483	344.724	105.371	470.713	469.074	186.214
DAPLYSINESYN-PWY: L-lysine biosynthesis I	0	18.2199	20.5741	35.6321	8.61973	0	27.0265	18.3929	10.1259	0	0	0	0	0	0	3.68239	0	0	0	0	0	0	0	0	4.32719	0
DTDPRHAMSYN-PWY: dTDP-&beta;-L-rhamnose biosynthesis	985.863	725.082	564.971	488.929	510.591	550.282	541.94	526.442	505.033	537.542	605.131	941.205	561.565	583.193	608.741	683.3	613.708	658.763	631.943	923.687	749.05	796.477	894.132	1002.34	983.847	599.002
FAO-PWY: fatty acid &beta;-oxidation I (generic)	0	0	0	0	5.81208	0	0	7.99487	0	0	0	0	0	0	0	0	0	0	0	0	0	0	0	0	0	0
FASYN-ELONG-PWY: fatty acid elongation -- saturated	0	21.6317	7.18202	0	26.6167	42.8711	0	0	14.6508	0	302.054	0	355.206	293.507	299.712	213.2	256.556	249.917	251.825	0	0	0	0	0	0	9.72062
FERMENTATION-PWY: mixed acid fermentation	14.8905	31.0227	69.7276	0	11.1322	48.91	31.1102	0	0	65.3127	9.76655	52.855	0	0	0	47.4037	0	0	15.197	0	0	0	0	0	26.0388	48.0765
FOLSYN-PWY: superpathway of tetrahydrofolate biosynthesis and salvage	0	0	0	0	0	0	0	13.928	0	0	9.92001	0	0	7.74601	0	0	0	5.62038	0	0	0	0	0	0	0	0
FUC-RHAMCAT-PWY: superpathway of fucose and rhamnose degradation	0	7.82441	15.3464	0	0	0	0	0	0	0	46.4231	0	44.2759	46.1712	0	27.3391	35.2685	29.1239	55.5635	0	0	0	0	0	0	0
FUCCAT-PWY: fucose degradation	0	13.3536	18.8917	6.52096	0	0	5.43392	3.82363	0	19.113	23.4037	8.76291	37.0546	66.1187	10.6367	16.6435	47.5534	36.3287	37.5404	0	0	0	0	0	0	0
GALACT-GLUCUROCAT-PWY: superpathway of hexuronide and hexuronate degradation	22.2103	9.30432	9.61858	0	10.393	0	0	0	0	0	9.18122	15.1991	6.62195	9.79305	14.7298	11.8903	39.4753	15.1422	28.6262	0	0	0	0	33.5531	41.5349	0
GALACTARDEG-PWY: D-galactarate degradation I	14.0381	5.13086	7.79575	14.5356	20.021	0	35.3642	15.3446	0	12.3026	63.5676	4.67058	34.1284	52.1899	11.1279	5.411	30.7754	32.0889	12.2362	0	0	0	0	23.4391	14.8678	11.5979
GALACTITOLCAT-PWY: galactitol degradation	0	0	0	0	0	0	0	4.80966	0	0	0	0	0	0	0	0	0	0	0	0	0	0	0	0	0	0
GALACTUROCAT-PWY: D-galacturonate degradation I	27.7075	29.4418	16.0936	12.5888	17.4504	20.7561	46.4042	33.451	10.271	19.8678	93.703	24.5743	45.8517	90.7924	20.5558	19.4761	60.5916	65.5173	38.5489	136.691	53.8601	0	30.9536	71.4283	131.571	13.0903
GLCMANNANAUT-PWY: superpathway of N-acetylglucosamine, N-acetylmannosamine and N-acetylneuraminate degradation	0	182.236	207.176	205.488	273.945	245.008	272.507	293.753	195.216	245.842	19.3874	12.2502	68.6548	59.2005	69.82	73.62	115.299	57.5081	70.1473	0	0	0	0	15.4138	16.8711	251.212
GLUCARDEG-PWY: D-glucarate degradation I	0	2.21473	5.19296	0	7.21125	0	4.71081	6.64866	0	5.95933	71.283	0	29.8182	64.2017	8.35954	5.12685	22.8995	31.5483	9.04349	0	0	0	0	4.12472	4.15852	6.90237
GLUCARGALACTSUPER-PWY: superpathway of D-glucarate and D-galactarate degradation	14.0381	5.13086	7.79575	14.5356	20.021	0	35.3642	15.3446	0	12.3026	63.5676	4.67058	34.1284	52.1899	11.1279	5.411	30.7754	32.0889	12.2362	0	0	0	0	23.4391	14.8678	11.5979
GLUCONEO-PWY: gluconeogenesis I	199.669	104.171	111.849	53.4363	166.358	125.526	147.745	130.709	100.269	118.321	151.886	245.808	188.427	215.111	239.451	203.033	250.426	199.154	258.841	0	0	179.733	0	209.38	249.177	84.522
GLUCOSE1PMETAB-PWY: glucose and glucose-1-phosphate degradation	0	3.55576	25.1338	6.95113	24.9944	11.3741	21.0464	30.4882	5.75932	15.5725	0	0	0	0	0	132.466	0	0	0	0	0	0	0	0	0	14.7715
GLUCUROCAT-PWY: superpathway of &beta;-D-glucuronosides degradation	26.0093	11.3008	15.4836	0	19.1596	0	0	23.4267	0	0	89.2133	29.6838	50.0814	90.6226	23.6957	23.2841	41.3845	73.6864	45.8235	179.919	71.5831	0	37.4647	86.3016	162.088	15.3415
GLUDEG-I-PWY: GABA shunt	0	0.68869	5.39017	0	2.2582	0	4.71223	0	0	6.69421	0	23.0086	0	0	0	1.96959	0	0	0	0	0	0	0	6.76543	6.51335	8.79366
GLUTORN-PWY: L-ornithine biosynthesis I	94.7151	136.877	171.028	108.362	236.222	240.05	276.494	254.668	118.878	205.671	60.3399	182.475	86.1506	64.2016	67.2738	73.5088	137.054	148.777	88.3774	0	0	128.62	93.7925	177.929	205.401	169.552
GLYCOCAT-PWY: glycogen degradation I	0	0	3.8712	0	0	0	0	0	0	0	0	24.3351	18.5241	47.4901	29.0819	66.3993	31.211	26.1548	59.783	0	0	0	0	0	13.4075	0
GLYCOGENSYNTH-PWY: glycogen biosynthesis I (from ADP-D-Glucose)	262.554	249.588	374.387	292.802	398.841	426.367	509.704	492.006	276.229	399.775	224.91	350.992	231.699	271.891	98.0647	170.766	223.827	250.648	160.254	210.169	237.406	247.027	253.924	404.362	350.694	299.644
GLYCOL-GLYOXDEG-PWY: superpathway of glycol metabolism and degradation	0	1.95204	0	0	0	0	0	0	0	0	0	0	0	0	0	0	0	0	0	0	0	0	0	0	0	0
GLYCOLYSIS-E-D: superpathway of glycolysis and the Entner-Doudoroff pathway	48.5514	9.01241	24.6086	24.6048	23.3136	0	11.9432	0	0	0	41.6925	57.9054	67.9685	111.926	63.6447	80.3187	71.8493	143.447	110.415	0	0	0	0	144.092	215.435	39.9786
GLYCOLYSIS: glycolysis I (from glucose 6-phosphate)	354.492	144.498	176.286	244.965	273.056	235.949	295.86	348.183	236.253	292.439	115.959	368.367	158.926	193.429	226.654	182.771	224.734	179.397	246.707	238.042	199.162	260.474	162.018	330.369	398.361	108.917
GLYOXYLATE-BYPASS: glyoxylate cycle	0	7.74633	12.2239	0	5.62914	0	9.03182	0	0	9.53968	0	0	0	0	0	1.73904	0	0	0	0	0	0	0	0	0	0
GOLPDLCAT-PWY: superpathway of glycerol degradation to 1,3-propanediol	0	10.9405	23.1793	14.4565	23.8363	8.46791	13.1678	19.4337	0	0	0	2.75504	3.28751	0	5.70256	0	1.6218	3.10581	4.09981	0	0	0	0	5.14784	4.65967	8.64781
HCAMHPDEG-PWY: 3-phenylpropanoate and 3-(3-hydroxyphenyl)propanoate degradation to 2-hydroxypentadienoate	0	0	3.69205	0	0	0	0	0	0	0	0	0	0	0	0	0	0	0	0	0	0	0	0	0	0	0
HEME-BIOSYNTHESIS-II-1: heme b biosynthesis V (aerobic)	0	4.21618	11.6679	0	3.8487	0	0	4.35788	0	0	0	0	0	3.60239	0	0	2.44083	0	0	0	0	0	0	0	0	5.36772
HEME-BIOSYNTHESIS-II: heme b biosynthesis I (aerobic)	0	114.696	130.486	0	3.8487	0	0	4.35788	0	0	7.18056	0	2.55578	7.51296	5.16164	12.754	5.94164	3.95805	5.55222	0	0	0	0	0	0	5.36772
HEMESYN2-PWY: heme b biosynthesis II (oxygen-independent)	0	13.245	15.0857	0	9.1267	0	7.28677	6.35842	0	5.8644	7.63135	0	2.58337	7.69371	5.09872	13.2911	5.97879	3.98015	5.5223	0	0	0	0	0	1.92145	0
HISDEG-PWY: L-histidine degradation I	553.165	0	7.31386	0	0	0	0	0	0	6.0342	312.422	471.457	259.604	276.011	363.202	324.608	262.487	312.296	327.419	613.723	410.271	319.296	534.914	500.684	444.021	10.3119
HISTSYN-PWY: L-histidine biosynthesis	601.431	684.271	528.293	334.902	401.055	400.426	487.962	382.715	293.029	406.152	370.671	600.445	310.962	343.29	349.963	348.775	354.323	377.94	376.958	527.253	431.158	394.09	516.44	577.628	594.522	422.382
HOMOSER-METSYN-PWY: L-methionine biosynthesis I	0	0	3.36866	8.45003	0	6.22199	4.05355	0	0	0	0	0	0	0	0	0	0	0	0	0	0	0	0	0	0	0
HSERMETANA-PWY: L-methionine biosynthesis III	115.188	244.016	260.263	156.148	230.131	193.59	213.538	164.185	127.514	193.985	167.737	105.557	117.104	208.177	162.101	123.227	153.578	210.81	148.972	197.498	0	0	0	83.4882	183.106	209.02
ILEUSYN-PWY: L-isoleucine biosynthesis I (from threonine)	611.657	406.424	452.472	255.273	374.445	451.298	425.267	430.608	244.24	339.716	240.002	611.54	210.438	285.867	284.853	383.871	280.923	386.728	385.013	575.91	538.596	494.758	519.221	611.944	563.62	250.29
KETOGLUCONMET-PWY: ketogluconate metabolism	0	3.61453	1.15661	0	6.56894	0	0	0	0	0	0	0	0	0	0	0	0	0	0	0	0	0	0	0	0	0
LACTOSECAT-PWY: lactose and galactose degradation I	0	10.1138	30.923	9.20852	20.5475	26.9456	33.0972	15.7656	16.3606	18.7725	2.723	0	2.72105	0	3.11165	1.96339	3.00494	11.6823	7.61398	0	0	0	0	0	1.90032	21.1573
MET-SAM-PWY: superpathway of S-adenosyl-L-methionine biosynthesis	0	0	6.31575	13.4798	0	10.8804	6.65226	0	0	0	0	0	0	0	0	0	0	0	0	0	0	0	0	0	0	0
METH-ACETATE-PWY: methanogenesis from acetate	0	17.9085	29.5499	0	31.9147	41.7428	0	16.2768	22.9846	0	0	0	0	0	0	6.05582	4.22107	16.7763	5.30409	0	0	0	0	0	4.46027	20.0319
METHGLYUT-PWY: superpathway of methylglyoxal degradation	0	0	0	0	0	0	0	0	0	0	13.4115	0	6.39691	8.24757	0	6.22924	11.434	10.5233	19.3368	0	0	0	0	0	0	0
METSYN-PWY: superpathway of L-homoserine and L-methionine biosynthesis	0	0	5.8579	14.3121	0	10.7516	7.0268	0	0	0	0	0	0	0	0	0	0	0	0	0	0	0	0	0	0	0
NAGLIPASYN-PWY: lipid IVA biosynthesis (E. coli)	0	15.736	5.07452	19.7599	63.9486	12.0539	18.2988	20.4245	23.9525	39.7893	253.354	4.54776	292.195	250.176	248.442	199.27	180.502	206.897	225.899	0	0	0	0	29.4767	0	0
NONMEVIPP-PWY: methylerythritol phosphate pathway I	593.401	737.87	544.821	326.897	403.214	442.95	459.524	383.269	359.562	414.434	417.566	599.613	369.938	385.57	441.582	430.314	419.814	452.092	470.517	563.127	454.156	500.503	558.029	605.943	581.524	471.302
NONOXIPENT-PWY: pentose phosphate pathway (non-oxidative branch) I	4.76544	57.1193	97.5492	89.4348	82.4308	76.8557	110.503	109.892	91.6443	80.7357	185.241	77.4089	231.039	251.052	147.453	188.365	324.129	183.891	196.579	0	0	75.8899	0	72.4897	49.981	81.9024
OANTIGEN-PWY: O-antigen building blocks biosynthesis (E. coli)	66.1104	248.173	269.155	119.993	196.531	137.658	167.691	154.045	73.2558	88.9393	21.8957	97.8614	71.8557	58.4473	14.7543	124.357	41.4486	69.4989	94.5006	48.3532	0	0	0	71.8877	82.0512	154.76
ORNDEG-PWY: superpathway of ornithine degradation	0	2.98725	7.32984	0	0	0	0	0	0	0	0	1.43946	0	0	0	0	0	0	0	0	0	0	0	0	0	0
P105-PWY: TCA cycle IV (2-oxoglutarate decarboxylase)	0	11.158	0	0	5.73843	0	7.98782	0	0	0	0	0	0	0	0	3.35698	0	0	0	0	0	0	0	0	0	0
P108-PWY: pyruvate fermentation to propanoate I	0	5.03389	4.21304	0	0	0	0	0	0	0	0	0	0	0	0	0	0	0	0	0	0	0	0	0	0	0
P124-PWY: Bifidobacterium shunt	0	0	14.9777	0	7.10399	0	0	31.2848	0	0	0	0	0	0	0	0	0	0	0	0	0	0	0	0	0	0
P161-PWY: acetylene degradation (anaerobic)	7.80708	10.0161	22.8878	14.8763	18.1325	17.8464	32.6652	7.46334	0	16.0725	62.942	8.34375	29.608	63.6927	5.91741	7.67461	34.7514	24.2527	15.4355	0	0	0	0	6.98547	5.67187	9.94598
P164-PWY: purine nucleobases degradation I (anaerobic)	0	13.6828	17.2544	16.7167	18.8982	18.9191	24.3523	26.1188	6.94574	0	61.2018	0	99.8598	45.3544	24.8003	12.3489	203.766	53.7322	36.2526	0	0	0	0	0	0	10.7002
P185-PWY: formaldehyde assimilation III (dihydroxyacetone cycle)	0	30.2021	36.3458	0	51.2201	0	6.40519	0	0	0	0	0	3.83018	0	0	0	1.91695	3.48882	0	0	0	0	0	7.79011	0	43.9844
P23-PWY: reductive TCA cycle I	0	0	3.4702	0	0	0	0	0	0	0	0	0	0	0	0	0	0	0	0	0	0	0	0	0	0	0
P41-PWY: pyruvate fermentation to acetate and (S)-lactate I	65.6575	181.904	215.023	184.987	263.647	183.873	170.174	192.932	103.878	156.542	86.6971	38.318	82.4523	102.282	76.2176	101.314	97.9994	99.4327	101.69	0	0	78.4401	0	49.6248	43.629	202.213
P42-PWY: incomplete reductive TCA cycle	0	4.29077	8.75331	0	0	0	0	24.4853	0	0	0	0	16.049	0	0	0	0	19.8048	26.6601	0	0	0	0	6.8074	0	0
P441-PWY: superpathway of N-acetylneuraminate degradation	0	18.4361	60.5003	37.4289	49.1501	43.1903	32.96	22.4612	0	0	43.2663	22.4456	66.265	93.0749	27.5035	29.2819	107.45	62.7391	45.3548	0	0	0	0	21.4838	18.3105	34.471
P461-PWY: hexitol fermentation to lactate, formate, ethanol and acetate	0	8.10706	34.4688	18.1646	24.4534	19.1178	11.7116	10.3354	0	0	15.3918	0	10.7129	3.01233	11.5761	10.1416	42.6603	42.7329	23.8256	0	0	0	0	9.89417	3.72701	20.167
PANTO-PWY: phosphopantothenate biosynthesis I	534.106	670.046	448.755	256.266	307.067	288.604	291.319	209.22	282.394	330.165	351.586	498.459	333.57	380.493	396.049	368.374	366.982	368.992	385.43	502.461	432.041	308.404	552.59	537.121	489.499	389
PANTOSYN-PWY: superpathway of coenzyme A biosynthesis I (bacteria)	529.231	624.929	435.323	258.681	312.717	324.772	332.075	230.915	247.293	327.848	349.822	512.501	321.688	363.451	382.127	366.979	352.624	376.132	378.914	502.439	445.593	270.978	500.533	501.055	480.289	391.242
PENTOSE-P-PWY: pentose phosphate pathway	8.27625	57.2904	64.9098	81.4363	73.3422	67.7258	74.0809	76.6014	69.4063	69.8648	233.06	120.207	251.556	265.641	185.934	204.715	292.145	201.516	212.769	0	0	113.843	0	112.67	80.2322	69.0807
PEPTIDOGLYCANSYN-PWY: peptidoglycan biosynthesis I (meso-diaminopimelate containing)	614.763	712.314	543.149	300.546	399.512	436.512	431.859	327.507	293.029	407.17	400.806	602.728	387.939	417.054	508.867	459.984	432.392	462.234	497.97	620.787	476.853	467.756	508.611	630.127	578.88	476.067
PHOSLIPSYN-PWY: superpathway of phospholipid biosynthesis I (bacteria)	36.9861	19.2971	49.362	44.0226	12.1669	0	27.7655	32.9089	8.62803	0	0	76.9385	114.413	35.1265	28.1063	103.74	93.1524	55.5637	62.4419	0	0	0	0	177.524	135.467	14.2922
POLYAMINSYN3-PWY: superpathway of polyamine biosynthesis II	0	0	0	0	0	0	0	0	0	0	0	4.65651	0	0	0	2.36173	0	0	0	0	0	0	0	0	0	0
POLYAMSYN-PWY: superpathway of polyamine biosynthesis I	0	11.6981	29.1202	16.7401	0	0	6.11119	4.56017	0	0	6.19468	23.8254	0	8.93547	4.99357	5.87523	4.59657	0	0	0	0	0	0	0	0	12.291
POLYISOPRENSYN-PWY: polyisoprenoid biosynthesis (E. coli)	0	0	4.45418	0	0	0	0	0	0	0	67.0127	0	25.6636	29.9853	12.9219	34.5636	13.8013	40.6643	39.4613	0	0	0	0	0	0	0
PPGPPMET-PWY: ppGpp metabolism	0	0	0	0	0	0	0	10.8561	0	0	5.34307	2.38484	0	6.17173	10.6761	2.57067	0	0	0	0	0	0	0	3.9158	2.30058	0
PROPFERM-PWY: superpathway of L-alanine fermentation (Stickland reaction)	0	0	0	0	0	0	0	0	0	0	0	0	0	0	0	4.91351	0	0	4.27028	0	0	0	0	0	0	0
PWY-101: photosynthesis light reactions	0	0	0	0	0	0	2.85764	0	0.62514	0	0	0	0	0	0	0	0	0	0	0	0	0	0	0	0	0
PWY-1042: glycolysis IV	136.391	904.701	716.722	584.926	643.95	608.665	663.424	622.485	566.215	610.603	339.793	260.196	348.009	356.817	299.033	309.582	466.25	345.246	360.981	128.366	107.349	135.89	0	175.244	316.311	740.985
PWY-1269: CMP-3-deoxy-D-manno-octulosonate biosynthesis	422.199	58.3822	51.7249	45.4561	98.701	57.6965	85.9497	66.7748	37.9659	85.2541	101.118	426.322	48.1022	78.4263	88.922	213.865	69.9413	109.23	194.718	361.663	203.383	209.694	361.802	442.838	418.71	56.0966
PWY-1861: formaldehyde assimilation II (assimilatory RuMP Cycle)	0	0	0	12.3456	18.8052	0	0	15.0871	0	37.157	14.6112	0	6.84269	0	0	0	3.85224	4.62299	3.08655	0	0	0	0	0	7.52001	0
PWY-241: C4 photosynthetic carbon assimilation cycle, NADP-ME type	0	6.42944	7.3625	0	19.053	9.69928	0	30.8383	0	0	0	0	0	0	0	0	0	0	0	0	0	0	0	0	0	0
PWY-2941: L-lysine biosynthesis II	435.431	90.5868	78.9432	57.2982	108.38	59.7448	39.1402	48.4295	18.7111	33.0799	118.124	448.933	54.6058	109.991	84.6241	215.248	117.74	180.497	215.748	437.589	304.371	272.29	369.838	422.606	420.874	103.898
PWY-2942: L-lysine biosynthesis III	529.339	615.462	441.385	265.471	353.756	339.798	353.378	267.509	292.542	319.921	311.433	513.487	306.786	354.427	274.433	280.118	407.015	363.171	332.631	567.502	366.269	303.566	414.043	468.843	477.738	400.336
PWY-3001: superpathway of L-isoleucine biosynthesis I	96.6837	212.879	289.401	187.997	266.097	294.125	290.156	277.892	158.372	223.806	203.106	98.7445	133.403	214.413	201.484	170.164	226.487	285.917	223.947	0	0	0	0	169.4	229.662	212.408
PWY-3841: folate transformations II (plants)	594.476	739.614	515.001	379.589	413.75	465.516	461.116	415.456	348.51	414.307	397.394	607.411	402.298	408.694	456.135	451.096	442.576	458.425	469.62	530.263	507.253	478.861	494.233	589.65	577.112	493.645
PWY-4041: &gamma;-glutamyl cycle	0	8.58613	25.8412	10.4883	8.47461	0	22.1562	12.6932	0	11.1719	6.0631	14.9296	15.5826	10.025	13.6354	36.6961	3.93834	0	23.1399	0	0	0	0	14.6298	0	9.72571
PWY-4984: urea cycle	42.9851	12.8407	17.3564	25.5618	15.9669	0	30.719	0	0	0	133.978	74.2237	134.072	145.525	111.804	84.0721	136.949	149.403	124.691	27.6884	0	74.7931	0	56.248	83.8388	12.7317
PWY-5005: biotin biosynthesis II	0	0	0	0	0	0	0	0	0	0	0	0	0	0	0	4.07043	2.51937	11.1674	0	0	0	0	0	0	0	0
PWY-5022: 4-aminobutanoate degradation V	14.5948	0.790751	20.3448	18.5093	23.7717	0	34.2762	12.2748	0	9.31039	2.36014	22.9813	0	0	0	1.96973	0	0	0	0	0	0	0	6.76032	7.82896	21.6876
PWY-5030: L-histidine degradation III	557.389	0	0	0	0	0	0	0	0	0	166.892	506.06	97.9455	101.696	131.463	252.625	107.334	219.858	214.804	596.86	449.141	364.235	513.472	497.169	460.109	12.2699
PWY-5097: L-lysine biosynthesis VI	485.698	724.477	542.519	320.91	439.581	418.948	440.836	371.137	313.063	403.106	364.829	486.952	324.359	346.532	369.722	340.924	389.219	369.916	365.726	507.459	376.411	403.882	416.667	479.89	493.021	447.522
PWY-5100: pyruvate fermentation to acetate and lactate II	65.6575	181.904	215.023	184.987	263.647	183.873	170.174	192.932	103.878	236.261	86.6971	38.318	82.4523	102.282	76.2176	101.314	97.9994	99.4327	101.69	0	0	78.4401	0	49.6248	43.629	202.213
PWY-5103: L-isoleucine biosynthesis III	587.011	314.987	377.565	202.268	306.85	400.294	359.326	381.891	194.448	280.382	183.018	577.216	156.742	231.31	229.814	343.232	220.144	329.238	324.478	562.451	497.495	459.293	498.075	563.591	517.28	190.647
PWY-5104: L-isoleucine biosynthesis IV	0	8.39156	5.14456	0	0	12.3539	0	8.83206	0	0	0	0	0	0	0	0	0	0	0	0	0	0	0	0	0	0
PWY-5121: superpathway of geranylgeranyl diphosphate biosynthesis II (via MEP)	27.1205	0	0	0	0	0	0	0	0	0	116.982	0	45.8938	45.2358	13.2399	43.6794	33.2182	92.966	75.209	0	0	0	0	0	63.3095	0
PWY-5130: 2-oxobutanoate degradation I	9.67469	0	0	0	0	0	0	0	0	0	27.3084	6.27254	29.7627	28.2148	33.2073	28.4	48.101	27.5704	28.8955	0	0	0	0	25.0788	27.4364	0
PWY-5136: fatty acid &beta;-oxidation II (plant peroxisome)	13.8393	12.1982	20.4867	0	8.05947	0	12.2863	8.23922	0	18.3465	0	12.1587	2.5814	0	0	0	0	2.69416	2.30703	0	0	0	0	7.50867	13.7682	0
PWY-5138: fatty acid &beta;-oxidation IV (unsaturated, even number)	0	0	0	0	7.27384	0	0	14.2712	0	0	0	0	0	0	0	0	0	0	0	0	0	0	0	0	0	0
PWY-5154: L-arginine biosynthesis III (via N-acetyl-L-citrulline)	172.35	197.713	235.892	148.42	294.08	267.062	315.935	283.246	167.314	254.03	92.3175	277.3	126.237	96.3037	111.571	107.712	174.196	212.147	139.802	0	0	182.391	154.169	267.332	293.604	231.898
PWY-5188: tetrapyrrole biosynthesis I (from glutamate)	0	135.014	147.742	11.9005	0	6.89721	26.8442	14.4692	4.59644	0	16.9432	0	27.3647	74.043	24.099	34.6315	41.7189	48.9723	28.2575	0	0	0	0	10.1782	26.8838	6.23514
PWY-5189: tetrapyrrole biosynthesis II (from glycine)	0	6.91498	16.2914	0	0	0	0	0	0	0	0	0	0	0	0	0	0	0	0	0	0	0	0	0	0	0
PWY-5265: peptidoglycan biosynthesis II (staphylococci)	0	0	39.1174	0	28.1298	0	51.7937	56.2998	0	46.6961	0	0	0	0	0	0	0	0	0	0	0	0	0	0	0	0
PWY-5345: superpathway of L-methionine biosynthesis (by sulfhydrylation)	0	10.8557	41.8257	22.4393	0	27.6717	14.059	32.8229	17.8522	0	0	0	0	0	0	0	0	0	0	0	0	0	0	9.35744	0	0
PWY-5347: superpathway of L-methionine biosynthesis (transsulfuration)	0	0	6.66916	16.1703	0	12.1903	7.99577	0	0	0	0	0	0	0	0	0	0	0	0	0	0	0	0	0	0	0
PWY-5367: petroselinate biosynthesis	0	0	3.19169	0	0	0	2.28132	0	7.03359	0	0	0	0	0	0	0	0	0	0	0	0	0	0	0	0	0
PWY-5384: sucrose degradation IV (sucrose phosphorylase)	0	6.22508	3.49683	8.13156	15.2257	0	5.633	21.0183	7.20004	0	49.1542	0	59.2806	32.9223	22.6069	52.2723	77.3837	78.359	53.1287	0	0	0	0	0	24.4622	0
PWY-5484: glycolysis II (from fructose 6-phosphate)	344.61	133.29	162.026	218.424	245.276	209.063	232.494	282.124	182.622	227.564	115.416	362.718	156.481	192.57	225.598	181.08	217.464	178.114	242.355	239.687	197.225	275.956	163.095	326.777	387.961	101.973
PWY-5494: pyruvate fermentation to propanoate II (acrylate pathway)	0	0	0	0	0	0	0	0	0	0	0	0	0	0	0	2.90211	1.09656	2.56429	2.63961	0	0	0	0	0	0	0
PWY-5497: purine nucleobases degradation II (anaerobic)	0	0	10.3532	0	0	0	15.2973	5.29864	0	0	24.9489	0	22.784	19.6964	9.74357	25.732	28.526	52.821	32.5311	0	0	0	0	0	0	0
PWY-5505: L-glutamate and L-glutamine biosynthesis	10.0817	30.3633	40.2342	30.9685	40.9379	68.8301	41.9366	49.6996	40.5478	68.2219	0	8.46739	0	3.9643	17.1473	8.00311	31.421	49.5287	21.7965	0	0	0	0	20.2485	35.9546	56.4939
PWY-561: superpathway of glyoxylate cycle and fatty acid degradation	0	0	12.0756	0	6.20278	0	0	0	0	0	0	0	0	0	0	0	0	0	0	0	0	0	0	0	0	0
PWY-5659: GDP-mannose biosynthesis	81.3422	15.4308	27.0669	6.607	20.8965	0	12.7668	20.4081	0	15.9461	119.857	57.4252	116.392	132.223	94.1378	61.3636	140.965	136.146	102.428	30.7425	169.128	70.4554	86.6705	48.7849	37.4355	19.3484
PWY-5667: CDP-diacylglycerol biosynthesis I	538.227	651.074	503.719	265.093	311.693	323.64	322.529	241.767	239.667	307.641	407.783	524.788	364.105	380.506	450.191	391.24	434.074	418.26	409.186	529.981	390.903	297.331	560.825	513.959	507.962	362.736
PWY-5675: nitrate reduction V (assimilatory)	0	6.53516	7.75152	0	11.7988	0	0	7.37999	0	0	0	0	0	0	0	1.25721	0	0	0	0	0	0	0	0	0	0
PWY-5676: acetyl-CoA fermentation to butanoate II	26.5512	41.1654	53.21	51.6969	66.1838	0	112.453	28.3483	7.31714	37.9353	0	4.85378	0	0	0	3.5441	5.73195	11.1394	7.17945	0	0	0	0	4.45595	21.4664	66.8802
PWY-5677: succinate fermentation to butanoate	0	0	0	0	0	0	0	6.67116	0	0	0	0	0	0	0	0	0	0	0	0	0	0	0	0	1.98504	3.55143
PWY-5686: UMP biosynthesis I	652.286	830.663	635.202	428.256	520.958	542.889	584.478	491.476	392.203	499.24	426.4	620.958	394.104	396.832	448.415	383.471	452.052	452.47	454.212	570.423	477.793	501.393	591.111	626.427	594.622	558.858
PWY-5690: TCA cycle II (plants and fungi)	0	0	0	0	0	0	0	0	0	0	0	6.78394	0	0	0	0	0	0	0	0	0	0	0	0	10.1902	0
PWY-5695: inosine 5'-phosphate degradation	580.061	818.934	569.278	327.982	453.593	421.687	393.291	304.068	351.736	409.042	412.25	526.489	370.403	401.468	456.615	448.778	410.955	477.117	490.114	561.731	459.835	395.754	560.675	539.922	530.071	552.891
PWY-5723: Rubisco shunt	0	21.5178	10.1061	20.183	21.5888	0	27.9744	18.2185	0	19.4329	0	0	0	0	0	0	0	0	0	0	0	0	0	0	0	11.9307
PWY-5837: 2-carboxy-1,4-naphthoquinol biosynthesis	0	0	0	0	0	0	0	0	0	0	0	0	0	3.86966	0	13.772	6.22465	0	6.96337	0	0	0	0	0	0	0
PWY-5838: superpathway of menaquinol-8 biosynthesis I	0	0	0	0	0	0	0	0	0	0	0	0	0	12.8111	0	41.2556	19.953	0	22.5355	0	0	0	0	0	0	0
PWY-5840: superpathway of menaquinol-7 biosynthesis	0	0	0	0	0	0	0	0	0	0	0	0	0	0	0	36.8904	0	0	17.2266	0	0	0	0	0	0	0
PWY-5845: superpathway of menaquinol-9 biosynthesis	0	0	0	0	0	0	0	0	0	0	0	0	0	12.0555	0	38.6881	12.9046	0	20.0092	0	0	0	0	0	0	0
PWY-5861: superpathway of demethylmenaquinol-8 biosynthesis I	0	0	0	0	0	0	0	0	0	0	0	0	0	8.66439	0	28.763	13.6474	0	15.381	0	0	0	0	0	0	0
PWY-5862: superpathway of demethylmenaquinol-9 biosynthesis	0	0	0	0	0	0	0	0	0	0	0	0	0	8.14641	0	26.8964	8.74624	0	13.6203	0	0	0	0	0	0	0
PWY-5897: superpathway of menaquinol-11 biosynthesis	0	0	0	0	0	0	0	0	0	0	0	0	0	11.338	0	37.9728	17.9335	0	20.0991	0	0	0	0	0	0	0
PWY-5898: superpathway of menaquinol-12 biosynthesis	0	0	0	0	0	0	0	0	0	0	0	0	0	11.338	0	37.9728	17.9335	0	20.0991	0	0	0	0	0	0	0
PWY-5899: superpathway of menaquinol-13 biosynthesis	0	0	0	0	0	0	0	0	0	0	0	0	0	11.338	0	37.9728	17.9335	0	20.0991	0	0	0	0	0	0	0
PWY-5913: partial TCA cycle (obligate autotrophs)	0	10.0234	10.4185	0	8.59974	12.6314	7.0197	33.479	0	0	0	0	0	0	0	0	0	0	0	0	0	0	0	0	0	0
PWY-5918: superpathway of heme b biosynthesis from glutamate	0	16.0939	35.375	0	0	0	0	0	0	0	0	0	0	0	0	0	0	0	0	0	0	0	0	0	0	0
PWY-5920: superpathway of heme b biosynthesis from glycine	0	6.37855	16.6609	0	0	0	0	0	0	0	0	0	0	0	0	0	0	0	0	0	0	0	0	0	0	0
PWY-5941: glycogen degradation II	352.397	18.8357	95.2188	32.941	107.204	40.1957	92.7083	123.778	29.2786	69.1782	208.159	433.961	181.427	135.086	175.933	259.489	199.506	196.277	239.211	294.587	285.568	286.564	369.199	394.615	414.873	67.4218
PWY-5971: palmitate biosynthesis (type II fatty acid synthase)	0	0	8.42512	0	0	0	0	0	0	0	0	0	0	0	0	0	0	0	0	0	0	0	0	0	0	0
PWY-5972: stearate biosynthesis I (animals)	0	0	2.8003	0	0	0	0	0	0	0	0	0	0	0	0	0	0	0	0	0	0	0	0	0	0	0
PWY-5973: cis-vaccenate biosynthesis	558.483	195.633	204.328	156.238	233.197	198.55	256.165	236.316	121.471	253.545	495.89	502.628	463.292	499.808	563.121	556.773	481.111	507.462	570.202	709.528	496.503	397.061	452.254	546.999	484.084	207.149
PWY-5981: CDP-diacylglycerol biosynthesis III	0	68.8423	82.5423	37.4105	73.131	35.0681	32.0766	11.5328	25.6139	27.8307	19.8816	0	41.849	117.887	29.6354	13.5813	44.2095	29.6356	6.98995	0	0	0	0	0	0	70.4958
PWY-5989: stearate biosynthesis II (bacteria and plants)	0	13.7982	4.86877	0	17.0026	18.4847	0	0	7.28424	0	248.072	0	306.605	246.876	234.951	166.301	201.091	198.843	199.608	0	0	0	0	0	0	7.16229
PWY-6121: 5-aminoimidazole ribonucleotide biosynthesis I	602.041	429.466	423.075	303.669	367.983	328.494	394.814	368.139	281.486	350.314	409.344	532.227	373.852	400.83	417.448	386.769	398.377	445.847	404.874	602.855	407.533	379.115	462.667	536.793	533.57	402.126
PWY-6122: 5-aminoimidazole ribonucleotide biosynthesis II	616.843	659.32	477.074	380.58	415.996	441.456	430.089	382.601	319.394	406.207	440.024	539.458	381.656	404.691	420.446	381.455	399.927	448.265	413.846	575.993	477.864	382.122	499.872	547.193	537.52	447.632
PWY-6123: inosine-5'-phosphate biosynthesis I	561.045	771.496	604.16	388.071	436.538	412.863	409.727	337.412	327.921	390.546	408.074	554.801	345.005	384.855	413.334	408.786	394.689	402.227	399.872	637.309	331.084	316.113	521.104	534.426	524.091	545.112
PWY-6124: inosine-5'-phosphate biosynthesis II	554.143	738.046	588.177	364.569	411.063	395.082	381.17	313.238	299.431	364.12	398.913	544.386	336.612	377.754	402.254	411.335	383.579	400.319	405.263	605.2	316.562	291.317	506.174	538.134	514.788	513.843
PWY-6125: superpathway of guanosine nucleotides de novo biosynthesis II	390.093	209.949	251.251	91.3328	75.5661	73.033	80.5964	59.2138	58.6983	75.0523	381.531	394.721	354.272	390.859	420.414	443.793	325.659	293.137	430.643	228.458	401.828	212.353	270.239	436.234	316.892	85.0456
PWY-6126: superpathway of adenosine nucleotides de novo biosynthesis II	444.629	289.297	330.874	126.744	108.155	104.288	115.178	84.5424	82.8844	106.775	409.705	456.352	380.474	406.951	442.528	468.066	372.355	351.332	476.851	293.562	401.831	266.468	325.701	483.043	385.953	120.393
PWY-6143: CMP-pseudaminate biosynthesis	0	0	0	0	0	0	0	0	0	0	0	0	4.99942	14.7235	0	7.54136	14.7697	12.7194	4.60288	0	0	0	0	0	0	0
PWY-6147: 6-hydroxymethyl-dihydropterin diphosphate biosynthesis I	518.06	16.6736	0	0	7.75637	11.9104	0	12.4478	12.4749	0	280.812	499.426	268.755	265.285	336.642	322.734	241.957	258.593	353.369	555.155	442.995	422.083	539.366	473.209	431.002	32.3977
PWY-6151: S-adenosyl-L-methionine salvage I	428.375	501.558	464.753	310.567	450.529	497.191	477.241	396.104	312.128	516.033	185.982	414.401	187.952	181.068	142.44	147.578	226.056	187.102	197.366	470.235	332.289	59.8976	363.439	345.798	362.254	475.557
PWY-6163: chorismate biosynthesis from 3-dehydroquinate	627.148	673.657	509.143	280.602	353.766	387.708	442.738	326.331	274.164	382.017	392.76	590.637	371.803	369.484	424.973	383.441	386.362	419.643	414.561	551.274	464.746	359.45	582.022	627.567	605.59	411.862
PWY-6168: flavin biosynthesis III (fungi)	91.8133	0	0	0	0	0	0	0	0	0	31.0164	77.8843	94.9133	55.7563	69.7482	115.791	99.1727	129.103	92.7684	0	0	162.661	102.367	99.2335	116.388	0
PWY-621: sucrose degradation III (sucrose invertase)	0	0	3.5219	0	0	0	5.87233	0	4.63895	0	59.0074	0	112.064	42.8332	24.4995	55.7814	125.109	97.6391	58.3411	0	0	0	0	0	24.6426	0
PWY-622: starch biosynthesis	0	15.0031	33.5146	0	53.3846	0	0	91.7264	15.9894	42.0181	0	0	0	0	0	0	0	0	0	0	0	0	0	0	0	0
PWY-6270: isoprene biosynthesis I	497.122	0	27.96	47.6806	20.6214	62.4241	0	0	84.0221	0	179.945	534.218	85.7527	158.635	193.984	196.304	163.579	246.615	208.454	437.739	294.893	379.503	404.279	523.761	496.091	58.9621
PWY-6277: superpathway of 5-aminoimidazole ribonucleotide biosynthesis	616.843	659.32	477.074	380.58	415.996	441.456	430.089	382.601	319.394	406.207	440.024	539.458	381.656	404.691	420.446	381.455	399.927	448.265	413.846	575.993	477.864	382.122	499.872	547.193	537.52	447.632
PWY-6282: palmitoleate biosynthesis I (from (5Z)-dodec-5-enoate)	0	16.6318	5.43059	0	20.5534	33.8771	0	0	11.3075	0	266.749	0	327.731	257.04	258.779	176.813	221.768	213.524	212.428	0	0	0	0	0	0	7.37284
PWY-6284: superpathway of unsaturated fatty acids biosynthesis (E. coli)	0	0	5.6902	0	0	0	0	0	11.9518	0	0	0	0	0	0	0	0	0	0	0	0	0	0	0	0	0
PWY-6285: superpathway of fatty acids biosynthesis (E. coli)	0	0	7.12104	0	0	0	0	0	0	0	0	0	0	0	0	0	0	0	0	0	0	0	0	0	0	0
PWY-6292: superpathway of L-cysteine biosynthesis (mammalian)	13.6042	0	0	0	0	0	7.26498	0	0	0	13.1988	7.42851	0	5.79718	6.95933	15.8908	6.20605	42.894	26.8993	0	0	0	0	25.5869	66.8246	0
PWY-6305: superpathway of putrescine biosynthesis	30.1704	9.41507	21.779	20.0156	12.5671	0	24.3001	13.2972	10.0236	0	21.7329	31.7984	20.125	25.3395	63.4282	21.5826	44.5538	92.8349	28.3927	24.0376	0	0	29.7583	23.2745	64.3386	9.8712
PWY-6317: D-galactose degradation I (Leloir pathway)	102.068	91.2558	135.675	126.373	185.462	171.089	125.786	95.9313	102.291	66.1713	94.2299	248.693	88.0068	74.8424	47.089	55.3307	135.714	120.396	73.5193	0	187.261	138.734	37.0398	210.839	249.498	132.852
PWY-6328: L-lysine degradation X	0	0	2.24557	0	0	0	0	0	0	0	0	0	0	0	0	0	0	0	0	0	0	0	0	0	0	0
PWY-6353: purine nucleotides degradation II (aerobic)	0	32.8456	39.3559	0	17.277	0	41.9814	10.359	0	16.1789	146.083	0	88.5714	130.521	11.5766	20.5045	144.976	112.78	27.4214	0	0	0	0	9.44758	0	21.902
PWY-6385: peptidoglycan biosynthesis III (mycobacteria)	645.798	718.478	536.066	299.182	400.272	427.825	425.381	317.913	295.34	399.952	405.938	634.755	400.012	423.794	497.16	465.68	439.569	445.825	494.216	663.473	505.983	490.885	528.641	653.355	605.211	478.786
PWY-6386: UDP-N-acetylmuramoyl-pentapeptide biosynthesis II (lysine-containing)	590.478	699.464	523.851	282.464	402.457	419.956	429.266	321.02	287.344	402.453	397.702	601.258	372.888	394.027	459.033	443.075	420.108	451.645	473.585	568.673	448.056	479.789	497.926	617.226	582.593	442.562
PWY-6387: UDP-N-acetylmuramoyl-pentapeptide biosynthesis I (meso-diaminopimelate containing)	604.543	698.244	528.952	288.451	390.74	424.984	422.191	315.692	285.682	396.118	398.895	605.563	379.332	411.907	499.567	449.323	416.591	447.775	483.137	617.367	475.305	464.823	500.478	641.314	578.414	465.451
PWY-6478: GDP-D-glycero-&alpha;-D-manno-heptose biosynthesis	186.49	0	0	0	0	0	0	0	0	0	6.19878	197.784	4.78557	10.7034	2.53737	8.98518	4.11855	7.96659	7.68976	92.9859	166.868	0	182.016	242.993	221.571	0
PWY-6507: 4-deoxy-L-threo-hex-4-enopyranuronate degradation	16.4646	27.1104	46.0349	60.5471	46.9721	40.263	53.5656	41.1278	17.0279	24.6117	83.0359	20.2695	38.7207	83.6502	16.8463	15.9667	50.3839	58.2185	32.5602	145.358	50.5523	0	25.7886	61.0631	122.355	28.8684
PWY-6519: 8-amino-7-oxononanoate biosynthesis I	0	3.90408	5.90651	0	7.91312	0	0	0	0	0	267.735	0	287.3	247.662	259.871	191.014	214.011	207.8	220.639	0	0	0	0	0	0	7.04232
PWY-6527: stachyose degradation	76.4241	134.658	192.484	185.872	210.916	175.633	116.86	82.9353	103.766	60.8908	17.9071	117.64	70.073	19.093	14.049	37.2106	145.319	80.8497	61.044	0	115.63	74.273	26.5023	96.6084	126.667	164.077
PWY-6531: mannitol cycle	0	0	2.68808	0	0	0	0	0	0	0	3.90631	0	9.45139	2.54217	5.48055	0	33.3385	5.93512	19.5124	0	0	0	0	0	0	0
PWY-6545: pyrimidine deoxyribonucleotides de novo biosynthesis III	0	6.72569	0	0	27.4579	0	0	0	0	15.0153	17.7152	0	0	4.41937	4.93097	68.1528	0	0	57.395	31.8172	0	0	0	0	0	0
PWY-6549: L-glutamine biosynthesis III	0	16.8664	22.8601	0	10.409	25.8331	14.9411	0	0	0	0	9.45683	0	0	0	0	0	0	0	0	0	0	0	0	9.07761	0
PWY-6572: chondroitin sulfate degradation I (bacterial)	224.509	0	0	0	0	0	0	0	0	0	24.1207	237.486	9.52324	23.1675	18.3336	33.9488	13.4734	111.388	37.382	168.253	195.363	203.464	196.459	350.01	257.456	0
PWY-6588: pyruvate fermentation to acetone	9.15322	12.6296	17.5157	22.0595	32.447	11.8732	46.1699	15.9545	0	18.1125	0	0	0	0	0	0	0	0	2.48842	0	0	0	0	5.15862	3.52788	13.1362
PWY-6590: superpathway of Clostridium acetobutylicum acidogenic fermentation	19.2185	25.391	53.6635	0	16.3348	0	24.2229	17.4952	0	56.5385	0	0	0	4.33784	0	0	0	3.94205	0	0	0	0	0	9.13795	11.5125	0
PWY-6595: superpathway of guanosine nucleotides degradation (plants)	0	8.95989	0	0	0	0	0	0	0	7.84304	79.9352	0	37.6741	55.0523	6.38893	4.81576	30.6178	51.7739	12.6271	0	0	0	0	0	0	0
PWY-6606: guanosine nucleotides degradation II	0	16.6458	19.6059	0	9.18742	0	21.5063	5.61281	0	11.3002	86.9075	0	50.5694	75.2999	21.2655	10.9669	78.7216	59.9549	17.4548	0	0	0	0	4.92454	0	11.5603
PWY-6607: guanosine nucleotides degradation I	0	9.22686	0	0	0	0	0	0	0	7.06816	82.8263	0	34.8153	75.2999	4.76348	4.68459	29.7449	53.0352	11.3378	0	0	0	0	0	0	0
PWY-6608: guanosine nucleotides degradation III	28.0878	30.768	29.7079	25.4425	35.8035	27.7115	33.6499	43.3465	8.0558	40.3195	105.911	13.6961	129.46	88.1414	130.185	41.9299	236.556	108.528	101.083	44.0106	0	0	0	15.5256	4.99468	36.995
PWY-6609: adenine and adenosine salvage III	617.021	904.645	668.624	450.413	561.327	563.509	603.224	517.029	462.181	513.77	421.12	587.967	387.485	414.93	423.18	410.417	455.849	437.402	400.666	585.589	456.866	424.48	631.114	591.046	591.22	588.505
PWY-6612: superpathway of tetrahydrofolate biosynthesis	0	0	0	0	0	0	0	9.47718	0	0	6.66436	0	0	5.19384	0	0	0	3.76099	0	0	0	0	0	0	0	0
PWY-6628: superpathway of L-phenylalanine biosynthesis	19.3434	0	35.4061	16.8235	34.868	20.9354	22.9431	30.5852	0	0	34.5527	7.52242	62.3028	31.6911	21.6694	76.0138	62.3556	64.6192	95.1035	0	0	0	0	10.0757	53.1347	0
PWY-6629: superpathway of L-tryptophan biosynthesis	250.925	278.802	289.298	93.3091	203.953	72.6106	156.128	80.5262	41.3885	88.0106	261.036	278.047	275.204	186.917	122.502	203.25	278.852	233.415	210.46	148.683	184.503	0	0	255.206	206.435	192.827
PWY-6630: superpathway of L-tyrosine biosynthesis	0	42.9213	62.179	39.9096	97.2244	40.1196	95.3224	44.8595	19.7936	48.9348	36.3817	21.1824	57.2993	39.9165	26.5165	55.5385	60.5961	147.67	94.6205	0	0	0	0	20.3325	26.6859	77.0245
PWY-6690: cinnamate and 3-hydroxycinnamate degradation to 2-hydroxypentadienoate	0	0	3.69205	0	0	0	0	0	0	0	0	0	0	0	0	0	0	0	0	0	0	0	0	0	0	0
PWY-6700: queuosine biosynthesis I (de novo)	591.995	740.875	596.86	382.562	465.35	481.693	516.276	431.674	404.304	489.987	348.643	620.869	387.739	391.389	407.533	392.594	315.691	363.903	383.776	568.958	473.726	466.278	557.484	613.247	607.364	567.776
PWY-6703: preQ0 biosynthesis	533.706	650.788	408.242	272.446	251.895	278.136	228.103	156.991	224.346	291.676	307.897	508.548	264.995	296.284	306.692	339.415	283.6	274.513	345.331	526.266	363.368	354.369	455.359	478.718	453.068	376.729
PWY-6731: starch degradation III	10.7011	2.72773	0	0	0	0	0	0	0	6.08768	88.0743	3.59961	75.9464	55.668	83.3524	144.136	88.4537	95.2246	130.451	0	0	0	0	5.80511	5.06299	5.38505
PWY-6749: CMP-legionaminate biosynthesis I	164.761	0	0	0	0	0	0	0	0	0	10.2214	172.297	4.54933	17.2914	11.0286	15.6592	4.17849	25.9264	11.679	57.9451	105.599	96.0249	72.928	201.797	240.396	8.62647
PWY-6803: phosphatidylcholine acyl editing	0	6.14083	6.48	0	9.01708	0	0	1.69189	0	0	0	0	0	0	0	0	0	0	0	0	0	0	0	0	0	0
PWY-6807: xyloglucan degradation II (exoglucanase)	0	0	0	0	0	0	0	0	0	0	0	0	0	27.5742	10.4754	0	51.2646	6.82869	0	0	0	0	0	0	0	0
PWY-6823: molybdopterin biosynthesis	10.717	128.063	127.58	20.5797	34.6698	109.727	114.278	83.6784	19.6423	95.7808	48.7619	4.71839	35.7125	54.1872	17.6879	17.1079	76.7066	65.8347	21.7069	0	0	0	0	26.6506	37.7839	23.6029
PWY-6859: all-trans-farnesol biosynthesis	0	0	0	0	0	0	0	0	0	0	46.8227	0	17.5255	17.7766	4.90817	13.4315	7.52197	9.36162	23.6888	0	0	0	0	0	0	0
PWY-6876: isopropanol biosynthesis (engineered)	8.159	8.62023	11.7629	0	0	0	0	0	0	0	0	0	0	0	0	1.32424	0	0	0	0	0	0	0	3.16454	3.64857	0
PWY-6892: thiazole component of thiamine diphosphate biosynthesis I	355.524	5.63364	9.63047	37.4723	0	0	7.63422	24.9871	10.2711	25.3338	204.542	317.956	140.714	226.422	201.592	282.734	195.168	198.744	266.973	291.907	281.244	267.33	309.924	381.597	352.997	23.7197
PWY-6895: superpathway of thiamine diphosphate biosynthesis II	0	17.5078	0	0	0	0	0	0	30.3559	0	0	0	18.5552	0	0	0	0	48.6365	12.7731	0	0	0	0	0	0	0
PWY-6897: thiamine diphosphate salvage II	419.775	85.6563	152.016	134.678	199.982	205.969	228.355	174.441	127.16	204.374	233.797	332.149	193.043	240.756	247.99	263.984	203.628	219.681	257.818	480.829	364.961	386.403	372.941	311.054	332.549	143.784
PWY-6901: superpathway of glucose and xylose degradation	16.8758	61.8766	43.4433	76.6102	91.9639	65.821	84.7785	62.6396	63.7778	67.5287	182.544	163.74	167.382	202.818	151.907	216.151	222.023	180.548	212.863	0	0	157.569	0	161.084	126.951	79.9136
PWY-6902: chitin degradation II (Vibrio)	678.602	3.99612	2.88902	0	0	0	0	0	0	0	203.163	712.477	238.808	233.101	171.745	115.698	93.7106	194.568	130.622	397.305	465.181	430.546	645.922	983.975	731.558	8.01526
PWY-6906: chitin derivatives degradation	0	0	0	0	0	0	0	0	0	0	11.9536	0	42.4669	72.7945	39.1249	31.2896	71.0704	80.9338	62.9002	0	0	0	0	0	0	0
PWY-6922: L-N&delta;-acetylornithine biosynthesis	0	0	2.75569	0	0	0	0	0	0	0	0	0	0	0	0	0	2.82453	0	0	0	0	0	0	0	0	0
PWY-6936: seleno-amino acid biosynthesis (plants)	23.4844	2.38517	13.794	9.34091	0	11.6078	4.78882	24.5136	9.08253	23.6217	27.44	50.6756	53.4657	124.185	41.9557	63.0071	60.6138	114.411	59.1583	0	0	0	0	22.1066	20.7109	0
PWY-6953: dTDP-3-acetamido-&alpha;-D-fucose biosynthesis	0	0	0	0	0	0	0	0	0	0	11.651	0	12.6302	25.9289	17.4379	14.3199	3.21395	9.56621	12.1522	0	0	0	0	0	0	0
PWY-6961: L-ascorbate degradation II (bacterial, aerobic)	0	0	11.152	0	9.85745	0	0	0	0	7.65639	0	0	0	0	0	0	0	0	0	0	0	0	0	0	0	0
PWY-6969: TCA cycle V (2-oxoglutarate synthase)	11.3517	17.5	16.4347	0	6.68871	0	15.5842	26.2209	0	22.8142	6.68567	48.9177	33.4757	0	0	32.9653	0	33.3686	49.3752	0	0	0	0	16.455	19.7287	19.9418
PWY-6992: 1,5-anhydrofructose degradation	12.106	0	0	0	0	0	0	0	0	0	0	0	0	0	0	0	0	0	0	0	0	0	0	13.1734	8.77916	0
PWY-7013: (S)-propane-1,2-diol degradation	3.9626	12.9681	16.3402	43.2354	26.841	0	59.7296	30.2999	6.42808	12.5837	2.36566	7.63472	0	0	0	1.45144	0	0	0	0	0	0	0	15.5107	11.867	33.7602
PWY-702: L-methionine biosynthesis II	9.66314	3.28431	13.0505	10.9426	0	10.1739	20.983	13.4547	8.61136	11.1711	22.3719	0	23.2947	13.2298	9.82958	10.2391	40.3658	48.0477	18.0995	0	0	0	0	9.66291	6.84707	0
PWY-7031: protein N-glycosylation (bacterial)	0	0	0	0	0	0	0	0	0	0	0	0	3.24729	0	0	0	0	0	0	0	0	0	0	0	0	0
PWY-7111: pyruvate fermentation to isobutanol (engineered)	11.1583	146.364	160.948	151.968	298.577	287.048	336.854	338.637	178.55	217.861	241.177	53.4408	200.682	238.063	86.1217	59.0405	244.504	260.043	151.104	0	0	0	0	67.9601	109.17	140.951
PWY-7115: C4 photosynthetic carbon assimilation cycle, NAD-ME type	0	0	0	0	0	0	0	13.3223	0	0	0	0	0	0	0	5.81067	0	0	5.12246	0	0	0	0	9.80121	0	0
PWY-7117: C4 photosynthetic carbon assimilation cycle, PEPCK type	0	6.7409	7.39912	0	18.1365	9.81426	0	36.7368	0	0	0	0	0	0	0	0	0	0	0	0	0	0	0	0	0	0
PWY-7118: chitin deacetylation	0	0	4.74108	0	5.56236	0	0	3.21667	0	0	0	0	0	0	0	1.27191	0	0	0	0	0	0	0	0	0	0
PWY-7184: pyrimidine deoxyribonucleotides de novo biosynthesis I	0	6.75288	0	0	28.2062	0	0	0	0	15.1306	22.0594	0	0	4.44302	4.99047	76.6233	0	0	63.2311	44.7947	0	0	0	0	0	0
PWY-7185: UTP and CTP dephosphorylation I	0	4.62155	0	14.596	14.6325	0	0	0	0	12.8125	16.0611	0	0	2.98581	3.35715	57.9797	0	0	47.1845	0	0	0	0	0	0	0
PWY-7197: pyrimidine deoxyribonucleotide phosphorylation	29.5844	111.925	142.546	0	21.4385	39.2833	23.0464	28.1301	10.3864	27.3143	62.8309	39.5847	110.476	147.844	158.034	172.097	140.309	150.494	169.813	122.19	0	0	0	54.9678	66.9042	36.2455
PWY-7198: pyrimidine deoxyribonucleotides de novo biosynthesis IV	0	120.242	123.238	15.2667	35.0761	55.9458	35.826	42.6975	16.4767	41.5297	17.3695	0	62.2287	3.46461	24.1297	61.8654	110.574	25.3955	50.7861	0	0	0	0	0	0	53.7881
PWY-7199: pyrimidine deoxyribonucleosides salvage	557.323	606.888	429.272	322.162	378.996	397.617	381.564	317.05	281.515	402.305	331.047	487.456	267.661	264.414	351.34	411.618	284.293	323.29	362.569	541.895	277.108	301.087	399.955	504.108	491.153	475.753
PWY-7208: superpathway of pyrimidine nucleobases salvage	320.649	159.68	218.248	78.4253	65.3857	62.3943	69.8205	51.8686	50.0617	64.6764	156.578	326.859	169.533	202.197	178.106	146.101	211.384	227.12	203.837	192.63	232.816	173.408	228.398	303.094	264.773	72.0345
PWY-7209: superpathway of pyrimidine ribonucleosides degradation	0	4.18013	0	0	0	0	0	6.65355	0	0	0	0	0	0	0	0	0	0	0	0	0	0	0	0	0	0
PWY-7210: pyrimidine deoxyribonucleotides biosynthesis from CTP	0	7.4159	0	0	15.4193	0	0	0	0	15.0092	22.8576	0	0	4.90949	5.51352	78.9098	0	0	65.9353	0	0	0	0	0	0	0
PWY-7211: superpathway of pyrimidine deoxyribonucleotides de novo biosynthesis	0	3.62888	0	0	26.4032	0	0	0	0	0	0	0	0	0	0	0	0	0	0	0	0	0	0	0	0	0
PWY-7220: adenosine deoxyribonucleotides de novo biosynthesis II	304.891	148.942	186.786	62.3423	50.8542	49.261	54.519	39.2548	39.0692	50.6721	358.818	311.689	327.273	346.866	375.35	429.092	276.921	244.832	403.526	163.114	318.088	169.202	201.678	345.019	239.998	57.1086
PWY-7221: guanosine ribonucleotides de novo biosynthesis	680.31	767.82	635.022	498.347	536.63	490.868	499.318	531.381	474.888	505.849	420.844	638.36	424.198	489.839	521.93	475.808	487.374	449.004	473.72	716.128	590.353	357.625	585.864	702.846	622.358	640.78
PWY-7222: guanosine deoxyribonucleotides de novo biosynthesis II	304.891	148.942	186.786	62.3423	50.8542	49.261	54.519	39.2548	39.0692	50.6721	358.818	311.689	327.273	346.866	375.35	429.092	276.921	244.832	403.526	163.114	318.088	169.202	201.678	345.019	239.998	57.1086
PWY-7228: superpathway of guanosine nucleotides de novo biosynthesis I	428.468	250.626	289.098	111.125	93.1075	89.6941	98.6886	73.1928	72.497	92.2086	400.79	427.889	377.079	414.308	443.197	458.348	356.581	322.561	450.363	267.635	423.565	236.473	303.808	470.095	353.024	104.99
PWY-7229: superpathway of adenosine nucleotides de novo biosynthesis I	508.373	405.536	427.054	184.161	164.251	157.196	172.811	128.871	125.096	160.6	437.676	516.026	412.34	435.61	472.22	488.897	424.601	409.677	510.749	384.039	423.568	321.227	391.177	535.312	460.004	181.917
PWY-7234: inosine-5'-phosphate biosynthesis III	0	16.3976	30.3385	23.1765	80.9053	31.2795	15.3715	49.3724	0	0	45.1349	0	36.8439	46.8936	123.731	49.3181	76.3824	184.216	90.1599	0	0	0	0	6.77139	8.01727	0
PWY-7237: myo-, chiro- and scyllo-inositol degradation	0	21.3399	37.2734	20.8275	50.5939	0	0	47.7991	15.1009	0	0	0	127.52	0	0	142.422	0	308.298	186.498	0	0	0	0	0	0	0
PWY-7238: sucrose biosynthesis II	427.677	125.566	200.204	113.118	298.404	226.349	271.025	293.914	141.158	207.103	380.58	513.859	430.126	392.412	342.186	311.573	370.249	329.001	328.245	381.841	326.55	343.493	448.292	441.956	492.975	217.597
PWY-7242: D-fructuronate degradation	17.6799	27.6828	13.6775	0	14.9469	0	11.6733	27.7376	0	0	84.2818	20.2292	39.2336	83.738	16.8768	15.9733	29.9417	58.0214	32.6021	142.746	50.4041	0	25.706	60.7658	121.273	11.6181
PWY-724: superpathway of L-lysine, L-threonine and L-methionine biosynthesis II	452.121	255.957	341.875	199.438	296.117	305.868	310.004	263.602	192.294	244.819	271.199	449.111	268.191	288.459	231.989	226.022	303.404	312.474	273.214	482.893	308.091	281.097	361.46	387.725	406.209	249.466
PWY-7254: TCA cycle VII (acetate-producers)	0	0	7.7504	0	0	0	0	0	0	0	0	0	0	0	0	0	0	0	0	0	0	0	0	0	0	0
PWY-7282: 4-amino-2-methyl-5-diphosphomethylpyrimidine biosynthesis II	318.702	0	0	0	18.9705	0	0	31.6907	0	0	190.851	316.445	99.8211	162.838	150.65	201.607	160.985	150.846	196.719	233.31	217.796	242.945	286.848	294.124	326.477	46.0012
PWY-7315: dTDP-N-acetylthomosamine biosynthesis	0	15.6136	26.4181	16.1858	25.1567	18.5386	16.2374	29.485	33.7948	51.7947	0	0	7.02404	22.2134	5.42892	0	1.7115	8.69506	6.14665	0	0	0	0	0	0	20.7975
PWY-7316: dTDP-N-acetylviosamine biosynthesis	6.31945	0	0	0	0	0	0	0	0	0	81.4714	0	94.3084	13.3854	82.5243	82.3276	33.7541	78.146	60.7277	0	0	0	0	0	3.41403	0
PWY-7323: superpathway of GDP-mannose-derived O-antigen building blocks biosynthesis	68.1167	0	22.7209	0	6.78821	0	0	3.99003	0	0	60.1597	35.6915	62.889	39.9666	18.6856	56.2802	90.4993	104.748	87.2743	25.7869	66.9269	0	0	42.9122	32.89	19.288
PWY-7328: superpathway of UDP-glucose-derived O-antigen building blocks biosynthesis	0	6.95659	44.4529	12.5377	32.6946	13.1891	27.9038	36.3282	10.4873	17.6396	18.0654	31.4949	54.8991	10.7729	12.0943	27.6048	83.4597	46.3752	40.6993	0	0	0	0	22.4945	10.844	17.3666
PWY-7340: 9-cis, 11-trans-octadecadienoyl-CoA degradation (isomerase-dependent, yeast)	0	0	0	0	4.25083	0	0	0	0	0	0	0	0	0	0	0	0	0	0	0	0	0	0	0	0	0
PWY-7345: superpathway of anaerobic sucrose degradation	0	0	15.7539	24.1397	0	0	15.9567	0	0	0	52.214	0	90.037	94.2	57.1596	90.7328	132.985	145.857	113.791	0	0	0	0	0	96.3137	0
PWY-7356: thiamine diphosphate salvage IV (yeast)	3.55332	14.9163	0	0	5.53059	0	11.4418	21.1901	0	0	0	0	0	0	0	0	0	5.86113	0	0	0	0	0	0	2.49484	18.0598
PWY-7357: thiamine phosphate formation from pyrithiamine and oxythiamine (yeast)	379.416	68.5963	126.199	114.606	179.258	184.177	212.816	168.211	103.701	181.256	200.561	287.198	157.895	206.193	204.455	226.763	170.507	171.65	215.985	425.757	295.218	388.721	359.675	251.767	278.767	122.271
PWY-7371: 1,4-dihydroxy-6-naphthoate biosynthesis II	0	14.2709	0	0	0	0	0	0	0	0	11.9479	0	4.61055	3.46758	31.2432	3.83233	19.3793	72.2483	14.7379	0	0	0	0	0	0	0
PWY-7383: anaerobic energy metabolism (invertebrates, cytosol)	10.2426	153.137	162.665	110.605	97.8022	52.3145	74.4032	57.8599	49.7035	56.0565	20.0039	59.0031	70.1069	138.534	36.4133	13.1985	40.9823	52.4164	19.7138	0	0	0	0	10.9544	28.1741	73.9702
PWY-7385: 1,3-propanediol biosynthesis (engineered)	0	0	14.9234	0	0	0	0	0	0	0	0	0	0	0	0	0	0	0	0	0	0	0	0	0	0	0
PWY-7392: taxadiene biosynthesis (engineered)	0	0	0	0	0	0	0	0	0	0	95.8605	0	38.179	35.6371	9.82793	28.8978	17.5543	24.8978	51.2337	0	0	0	0	0	0	0
PWY-7400: L-arginine biosynthesis IV (archaebacteria)	0	106.534	0	0	31.0287	0	107.623	133.939	0	72.5765	105.545	0	136.514	140.436	122.696	93.2109	186.391	209.164	141.453	0	0	0	0	0	0	88.1854
PWY-7456: &beta;-(1,4)-mannan degradation	51.8282	0	20.1801	0	5.69991	0	13.6207	20.9245	0	0	45.8691	26.6607	47.502	31.3574	14.6298	39.6399	68.676	83.1769	64.5459	18.6866	55.7915	0	0	30.8408	23.3708	15.8684
PWY-7560: methylerythritol phosphate pathway II	484.596	0	24.617	42.4424	18.132	55.5149	31.7708	0	75.4729	0	166.468	527.625	77.3735	146.485	178.634	182.58	150.683	231.954	192.664	420.141	285.243	367.681	390.17	516.611	492.215	52.2804
PWY-7663: gondoate biosynthesis (anaerobic)	538.108	162.803	173.188	131.887	201.448	170.038	223.478	210.209	102.589	224.91	455.336	492.473	419.183	459.016	527.491	523.859	443.93	470.74	529.614	683.326	475.693	368.69	434.001	536.761	470.938	177.269
PWY-7664: oleate biosynthesis IV (anaerobic)	0	19.4504	6.31811	0	23.7279	38.8131	0	0	13.0602	0	285.282	0	342.417	276.032	279.582	195.443	240.648	232.046	232.445	0	0	0	0	0	0	8.5655
PWY-7688: dTDP-&alpha;-D-ravidosamine and dTDP-4-acetyl-&alpha;-D-ravidosamine biosynthesis	0	0	0	0	0	0	0	8.26574	0	0	199.85	25.3877	239.872	211.038	183.471	123.859	126.604	148.188	150.342	0	0	0	0	0	0	0
PWY-7731: superpathway of photosynthetic hydrogen production	0	0	0	0	0	0	3.71438	0	0.915747	0	0	0	0	0	0	0	0	0	0	0	0	0	0	0	0	0
PWY-7761: NAD salvage pathway II (PNC IV cycle)	78.413	0	18.43	12.9865	10.179	0	0	8.32508	0	0	33.0169	137.671	98.9082	91.8827	152.289	145.621	165.21	103.492	160.384	0	0	164.373	0	105.717	155.695	7.78896
PWY-7790: UMP biosynthesis II	652.286	830.663	635.202	428.256	520.958	542.889	584.478	491.476	392.203	499.24	426.4	620.958	394.104	396.832	448.415	383.471	452.052	452.47	454.212	570.423	477.793	501.393	591.111	626.427	594.622	558.858
PWY-7791: UMP biosynthesis III	652.286	830.663	635.202	428.256	520.958	542.889	584.478	491.476	392.203	499.24	426.4	620.958	394.104	396.832	448.415	383.471	452.052	452.47	454.212	570.423	477.793	501.393	591.111	626.427	594.622	558.858
PWY-7851: coenzyme A biosynthesis II (eukaryotic)	524.97	604.032	455.738	285.966	317.352	378.556	390.335	299.073	227.255	345.754	358.051	527.332	317.945	344.225	365.303	372.136	341.751	380.066	388.919	522.464	438.276	184.508	447.669	478.604	479.67	386.635
PWY-7858: (5Z)-dodecenoate biosynthesis II	0	11.5383	3.47406	0	8.02424	0	0	0	0	0	0	0	0	0	0	0	0	0	1.87708	0	0	0	0	0	0	0
PWY-7883: anhydromuropeptides recycling II	0	0	0	0	0	0	0	0	0	0	16.2904	0	0	10.0777	6.75874	19.9627	7.43513	4.03127	16.1048	0	0	0	0	0	0	0
PWY-7942: 5-oxo-L-proline metabolism	0	2.05111	0	0	0	0	0	0	0	0	0	0	0	0	0	0	0	0	0	0	0	0	0	0	0	0
PWY-7953: UDP-N-acetylmuramoyl-pentapeptide biosynthesis III (meso-diaminopimelate containing)	581.999	678.109	495.694	275.224	361.616	379.085	390.744	278.788	273.39	384.761	381.748	598.042	370.111	403.062	442.302	442.802	389.881	436.522	457.858	608.758	447.507	447.995	489.983	608.521	574.921	416.298
PWY-7977: L-methionine biosynthesis IV	687.977	680.116	519.585	301.286	358.836	385.249	382.514	247.808	291.04	335.511	373.588	595.218	327.76	345.286	407.914	396.118	367.968	418.506	403.598	609.168	555.863	453.556	525.874	588.106	644.57	421.187
PWY-7992: superpathway of menaquinol-8 biosynthesis III	0	18.2566	0	0	0	0	0	0	0	0	28.4165	0	11.478	8.9531	52.2668	9.78154	40.9773	108.679	34.7166	0	0	0	0	0	0	0
PWY-8004: Entner-Doudoroff pathway I	38.232	13.073	22.6101	54.2476	23.8668	0	12.7396	0	0	48.2863	112.757	45.7705	106.956	167.098	118.872	99.95	68.7327	139.385	125.891	0	0	0	49.4609	117.189	181.865	60.8319
PWY-8073: lipid IVA biosynthesis (P. putida)	0	15.736	5.07452	19.7599	63.9486	12.0539	18.2988	20.4245	23.9525	39.7893	253.354	4.54776	292.195	250.176	248.442	199.27	180.502	206.897	225.899	0	0	0	0	29.4767	0	0
PWY-8131: 5'-deoxyadenosine degradation II	7.07349	140.742	148.929	95.6499	144.984	66.2129	84.8279	80.0671	49.9261	65.6716	72.6461	9.78524	40.2868	71.9055	6.9725	5.65961	84.9348	30.9247	7.29541	0	0	0	0	0	8.2177	143.964
PWY-8178: pentose phosphate pathway (non-oxidative branch) II	5.8348	74.6118	122.764	111.183	100.441	94.4321	137.039	133.161	114.596	100.312	203.932	85.8796	254.222	277.592	173.372	201.394	358.957	211.611	225.629	0	0	70.4638	0	72.7641	58.5463	102.81
PWY-8187: L-arginine degradation XIII (reductive Stickland reaction)	40.4015	21.1012	13.1646	0	28.5094	14.4029	10.2894	27.1741	5.16586	23.0266	88.9174	2.73431	47.6036	80.2244	78.6744	38.5616	58.5341	68.7539	51.2923	27.3773	0	0	0	9.36946	26.6929	19.4683
PWY-8188: L-alanine degradation VI (reductive Stickland reaction)	0	0	0	0	0	0	0	0	0	0	0	0	0	0	0	4.91351	0	0	4.27028	0	0	0	0	0	0	0
PWY-8189: L-alanine degradation V (oxidative Stickland reaction)	0	0	0	0	0	0	0	0	0	0	0	0	0	0	0	4.91351	0	0	4.27028	0	0	0	0	0	0	0
PWY-821: superpathway of sulfur amino acid biosynthesis (Saccharomyces cerevisiae)	0	0	12.2873	0	0	0	0	0	0	0	0	0	0	0	0	0	0	0	0	0	0	0	0	0	0	0
PWY-841: superpathway of purine nucleotides de novo biosynthesis I	307.875	318.627	345.101	149.317	136.46	126.854	144.479	109.077	103.55	133.069	308.411	379.369	288.413	335.678	297.47	263.056	322.88	338.42	319.118	334.133	284.447	247.282	238.153	370.563	353.712	147.359
PWY-I9: L-cysteine biosynthesis VI (from L-methionine)	17.6875	36.0962	29.0871	40.4147	15.4642	20.1708	52.7452	17.314	19.2365	13.6196	0	0	45.9179	0	9.97383	10.3665	33.9266	37.6038	20.4087	0	0	0	0	13.6296	7.80106	35.1525
PWY0-1061: superpathway of L-alanine biosynthesis	0	13.8577	4.39858	0	6.75239	0	8.89663	13.9478	0	0	0	0	0	0	0	6.40884	0	0	4.95197	0	0	0	0	13.821	8.6646	11.1416
PWY0-1241: ADP-L-glycero-&beta;-D-manno-heptose biosynthesis	0	112.705	124.67	0	0	0	4.3789	0	0	0	13.4895	0	30.0051	88.8692	20.9387	35.2486	53.9376	33.0902	30.0169	0	0	0	0	6.25185	5.89722	0
PWY0-1261: anhydromuropeptides recycling I	0	0	0	0	0	0	0	0	0	0	16.2904	14.2211	42.4005	32.6473	9.48522	61.4309	24.9473	37.7528	47.5123	0	0	0	0	0	0	0
PWY0-1277: 3-phenylpropanoate and 3-(3-hydroxyphenyl)propanoate degradation	0	0	4.99538	0	0	0	0	0	0	0	0	0	0	0	0	0	0	0	0	0	0	0	0	0	0	0
PWY0-1296: purine ribonucleosides degradation	106.569	203.399	301.443	272.397	361.849	345.437	382.403	330.174	206.036	341.185	270.872	182.521	236.733	279.201	197.488	234.904	298.53	238.592	239.224	0	0	301.253	167.625	212.568	236.814	245.435
PWY0-1297: superpathway of purine deoxyribonucleosides degradation	30.462	15.5711	37.4607	23.395	27.3447	26.9217	49.0459	11.1479	0	24.7377	173.85	14.7068	147.808	212.796	16.7297	13.1233	169.594	121.101	24.4356	0	0	0	0	11.572	8.8501	15.5252
PWY0-1298: superpathway of pyrimidine deoxyribonucleosides degradation	0	16.8529	27.3127	22.8323	25.1955	27.2774	48.0317	12.0087	0	25.1944	52.3671	0	58.8488	64.2516	12.6378	10.8201	94.2377	46.9562	19.9349	0	0	53.2983	0	4.87434	2.76448	12.5953
PWY0-1319: CDP-diacylglycerol biosynthesis II	538.227	651.074	503.719	265.093	311.693	323.64	322.529	241.767	239.667	307.641	407.783	524.788	364.105	380.506	450.191	391.24	434.074	418.26	409.186	529.981	390.903	297.331	560.825	513.959	507.962	362.736
PWY0-1338: polymyxin resistance	0	1.4419	0	0	0	0	0	0	0	0	0	0	0	0	0	0	0	0	0	0	0	0	0	0	0	0
PWY0-1415: superpathway of heme b biosynthesis from uroporphyrinogen-III	0	2.74293	8.88734	0	0	0	0	4.31287	0	0	0	0	0	3.96367	0	0	2.64544	0	0	0	0	0	0	0	0	0
PWY0-1477: ethanolamine utilization	24.9171	29.5409	59.0647	70.7406	92.4537	33.9773	163.533	52.1106	9.10458	36.4307	62.942	10.6704	29.608	63.6927	5.91741	7.67461	34.7514	24.2527	15.4355	0	0	0	0	31.7176	26.5095	65.9206
PWY0-1479: tRNA processing	0	3.47625	24.2165	0	26.1945	0	0	0	0	0	9.67565	0	0	0	0	51.6655	17.2729	0	31.2484	0	0	0	0	0	5.11475	0
PWY0-1586: peptidoglycan maturation (meso-diaminopimelate containing)	733.246	66.2741	93.124	66.213	79.7465	57.4381	103.857	55.4191	29.7449	31.855	246.616	664.026	256.407	242.004	144.467	331.408	366.471	329.096	343.323	765.86	521.838	579.571	656.467	713.541	753.726	74.0967
PWY0-162: superpathway of pyrimidine ribonucleotides de novo biosynthesis	341.087	319.71	331.561	143.816	125.716	124.41	138.399	102.239	97.7876	126.399	199.921	374.42	146.749	229.065	285.623	174.7	213.881	265.444	225.19	276.7	290.992	231.319	311.14	408.076	333.669	140.224
PWY0-166: superpathway of pyrimidine deoxyribonucleotides de novo biosynthesis (E. coli)	0	2.32431	0	0	26.0714	0	0	0	0	0	0	0	0	0	0	0	0	0	0	47.8537	0	0	0	0	0	0
PWY0-301: L-ascorbate degradation I (bacterial, anaerobic)	0	0	10.0247	0	15.0476	0	0	0	0	6.93444	0	0	0	0	0	0	0	0	0	0	0	0	0	0	0	11.4823
PWY0-42: 2-methylcitrate cycle I	0	0	1.1145	0	0	0	0	0	0	0	0	0	0	0	0	0	0	0	0	0	0	0	0	0	0	0
PWY0-845: superpathway of pyridoxal 5'-phosphate biosynthesis and salvage	329.078	0	0	0	8.67456	0	0	12.144	0	0	212.19	369.512	119.701	189.788	163.201	220.853	176.82	161.025	199.909	213.897	194.165	221.908	281.896	442.611	404.185	24.5971
PWY0-862: (5Z)-dodecenoate biosynthesis I	0	17.5217	5.44485	15.4458	20.7283	34.4635	10.5767	0	11.4087	0	265.616	0	326.731	255.73	256.603	175.908	222.272	211.847	210.813	0	0	0	0	0	0	7.39399
PWY1ZNC-1: assimilatory sulfate reduction IV	0	0	5.23199	8.89605	0	0	5.92563	0	0	0	0	0	0	0	0	0	0	3.3256	0	0	0	0	0	0	0	8.38225
PWY3O-4107: NAD salvage pathway V (PNC V cycle)	0	0	4.77805	0	9.73715	0	17.8772	14.7601	0	0	0	0	0	0	0	0	0	0	0	0	0	0	0	0	0	3.4658
PWY4FS-7: phosphatidylglycerol biosynthesis I (plastidic)	22.4693	11.0704	28.4568	26.3512	14.365	0	17.1546	20.8727	5.19372	0	0	47.7667	58.0003	20.403	16.391	67.1795	55.2062	32.8559	38.6348	0	0	0	0	119.61	87.7254	8.53673
PWY4FS-8: phosphatidylglycerol biosynthesis II (non-plastidic)	22.4693	11.0704	28.4568	26.3512	14.365	0	17.1546	20.8727	5.19372	0	0	47.7667	58.0003	20.403	16.391	67.1795	55.2062	32.8559	38.6348	0	0	0	0	119.61	87.7254	8.53673
PWY4LZ-257: superpathway of fermentation (Chlamydomonas reinhardtii)	6.71655	12.2357	15.8046	18.7438	21.9829	21.5569	38.5729	9.22226	0	19.4993	10.1026	0	24.5509	8.11956	6.48187	9.31123	10.2007	26.2246	16.8683	0	0	0	0	8.13369	6.52077	0
PWY66-389: phytol degradation	0	0	1.06287	0	9.26223	0	0	0	0	0	0	0	0	0	0	0	0	0	0	0	0	0	0	0	0	0
PWY66-391: fatty acid &beta;-oxidation VI (mammalian peroxisome)	0	11.5518	17.9794	0	10.121	0	15.939	9.4395	0	15.8847	0	0	0	0	0	0	0	0	1.68237	0	0	0	0	6.92454	11.4188	0
PWY66-399: gluconeogenesis III	22.8858	117.162	141.619	130.644	137.486	84.5774	106.724	86.9775	69.0917	86.4262	37.7844	0	43.3976	22.7688	0	23.1379	26.7651	52.6101	36.2641	0	0	0	0	14.2779	30.6659	85.8907
PWY66-409: superpathway of purine nucleotide salvage	0	0	62.8991	0	24.5956	0	0	0	0	0	334.12	0	260.177	338.805	45.1809	26.0577	277.584	227.816	56.4853	0	0	0	0	0	25.5989	31.2398
PWY66-429: fatty acid biosynthesis initiation (mitochondria)	597.016	692.18	458.216	351.245	368.23	409.128	362.19	315.666	310.124	355.785	524.898	537.548	503.009	543.496	548.469	555.79	537.81	518.96	564.601	712.038	510.715	517.795	487.961	574.299	553.299	470.221
PYRIDNUCSAL-PWY: NAD salvage pathway I (PNC VI cycle)	0	0	5.8971	0	8.5048	0	0	9.12128	0	0	0	0	0	0	0	0	0	0	0	0	0	0	0	0	0	3.87886
PYRIDNUCSYN-PWY: NAD de novo biosynthesis I (from aspartate)	526.414	196.889	195	43.7375	54.7118	100.478	101.63	59.56	36.9047	66.7401	350.413	494.766	316.419	318.518	397.174	370.08	317.078	338.489	366.212	578.651	495.474	400.428	414.588	486.798	463.999	90.932
PYRIDOXSYN-PWY: pyridoxal 5'-phosphate biosynthesis I	511.256	5.2906	0	0	27.9109	0	21.4476	8.66483	0	0	242.284	506.814	132.735	236.549	284.383	277.281	190.362	182.053	229.759	451.12	424.546	377.846	442.954	511.247	449.346	19.3123
REDCITCYC: TCA cycle VI (Helicobacter)	0	0	4.32351	0	0	0	0	0	0	0	0	0	0	0	0	0	0	0	0	0	0	0	0	0	0	0
RHAMCAT-PWY: L-rhamnose degradation I	322.722	27.7929	61.7941	69.2959	98.3945	83.1942	84.8211	86.1224	68.7027	61.826	308.819	340.02	255.532	221.34	319.598	355.163	256.261	229.534	343.408	206.566	255.289	271.06	265.145	483.635	419.982	55.3443
RIBOSYN2-PWY: flavin biosynthesis I (bacteria and plants)	333.654	188.009	184.466	122.931	193.845	146.687	144.481	85.8959	61.7068	103.995	251.4	334.335	119.286	243.065	143.952	217.812	129.455	238.042	221.214	275.574	321.429	218.621	336.224	443.68	393.062	157.446
RUMP-PWY: formaldehyde oxidation I	0	0	0	0	7.85465	0	0	0	0	14.4056	0	0	0	0	0	0	0	2.17216	0	0	0	0	0	0	0	0
SALVADEHYPOX-PWY: adenosine nucleotides degradation II	23.5975	18.8585	24.9705	0	8.73242	0	25.8706	4.97984	0	8.04852	106.183	0	50.7838	95.9267	5.39815	10.4188	85.8248	70.5881	13.3972	0	0	0	0	4.86187	0	11.3326
SER-GLYSYN-PWY: superpathway of L-serine and glycine biosynthesis I	482.109	289.386	311.777	197.684	200.505	100.645	191.146	143.869	86.4838	125.222	310.908	480.478	266.637	270.225	324.463	293.748	278.159	258.516	322.579	519.311	336.523	327.751	386.282	460.257	465.387	179.397
SO4ASSIM-PWY: assimilatory sulfate reduction I	0	13.0823	21.0319	8.89605	0	10.8506	5.92563	13.27	6.98988	0	0	0	0	0	0	0	0	0	0	0	0	0	0	3.53639	0	8.38225
SULFATE-CYS-PWY: superpathway of sulfate assimilation and cysteine biosynthesis	0	24.1214	32.3721	16.0186	0	0	11.8187	22.9733	0	0	0	0	0	0	0	0	0	0	0	0	0	0	0	7.14252	0	12.7989
TCA-GLYOX-BYPASS: superpathway of glyoxylate bypass and TCA	0	0	9.38601	0	5.65905	0	0	0	0	0	0	0	0	0	0	0	0	0	0	0	0	0	0	0	0	0
TCA: TCA cycle I (prokaryotic)	0	17.5	15.3724	0	6.68871	0	12.2518	0	0	0	0	0	0	0	0	0	0	0	0	0	0	0	0	0	0	0
THISYN-PWY: superpathway of thiamine diphosphate biosynthesis I	443.337	25.2996	42.0474	107.65	0	0	34.5154	84.7305	42.4046	92.2912	270.705	366.771	188.97	270.692	288.238	310.622	250.806	264.423	301.847	462.108	352.866	360.989	386.355	388.977	383.425	85.5936
THISYNARA-PWY: superpathway of thiamine diphosphate biosynthesis III (eukaryotes)	336.174	27.2434	51.9951	23.5121	81.7627	57.001	88.8483	85.8734	33.2221	94.3497	143.294	259.458	85.6191	147.072	140.848	199.079	138.762	134.628	185.987	381.961	271.469	350.542	318.865	194.279	228.811	54.312
THRESYN-PWY: superpathway of L-threonine biosynthesis	529.983	178.053	264.072	164.625	228.995	253.644	258.622	226.611	151.021	200.239	309.041	494.504	282.984	277.527	276.063	250.557	267.594	307.571	291.057	569.367	354.059	366.051	423.931	409.576	446.583	194.333
TRNA-CHARGING-PWY: tRNA charging	591.472	767.927	607.325	424.847	534.819	496.175	545.605	494.389	413.78	494.163	396.207	566.459	371.584	388.751	443.192	442.294	426.822	444.586	461.583	587.539	440.005	406.155	482.811	560.057	563.751	563.028
TRPSYN-PWY: L-tryptophan biosynthesis	176.161	246.628	234.768	206.597	276.838	112.068	184.812	130.556	103.801	138.283	187.934	188.478	208.84	111.126	62.3554	135.679	207.248	147.536	133.962	85.6858	214.644	0	0	162.612	119.531	246.483
UDPNAGSYN-PWY: UDP-N-acetyl-D-glucosamine biosynthesis I	35.0941	212.684	265.291	86.4939	151.954	88.5272	108.82	97.8142	43.866	52.2614	11.3548	53.5578	43.9114	32.5079	8.7325	82.2178	22.2375	40.0247	62.6835	27.6729	0	0	0	38.0604	44.0719	109.42
VALSYN-PWY: L-valine biosynthesis	631.419	777.857	671.367	445.415	579.746	556.508	585.27	529.776	419.93	516.81	470.678	637.274	448.392	450.163	461.641	459.961	470.586	519.739	535.864	578.751	590.478	512.772	532.928	672.318	622.263	512.549
